,1 quadrant,2 quadrants,3 quadrants
NN (baseline),99.76269901750949,61.816142463074705,25.378521014326296
CVAE (Monte Carlo),71.3845715629407,50.275201182015024,26.60668001692897
Performance gap,28.378127454568784,11.54094128105968,-1.2281590026026734
