,1 quadrant,2 quadrants,3 quadrants
NN (baseline),185.99842108095797,127.68934251096682,62.19379021641545
CVAE (Monte Carlo),174.31029332560092,128.91031712541184,64.9441256660242
Performance gap,11.688127755357044,-1.2209746144450122,-2.7503354496087553
