,1 quadrant,2 quadrants,3 quadrants
NN (baseline),185.93095841575354,127.6505532066662,62.17410508664652
CVAE (Monte Carlo),174.76278979024187,129.12742929184398,66.00159614002362
Performance gap,11.168168625511669,-1.4768760851777785,-3.827491053377102
