,2 quadrants,3 quadrants
NN (baseline),961.5486122594474,478.02966123343276
CVAE (Monte Carlo),920.4576203465081,467.10396373614714
Performance gap,41.09099191293933,10.925697497285626
